Session ID ,iReplica_1675540164430
Method Used ,ONOFF
Ambient Light ,Indoor

EXIF Device 
Device Brightness % ,100
Lens Model ,iPhone 13 back camera 5.1mm f/1.6
Brightness ,8.669294247687301
Aperture ,1.356143810225275
Basline Exposure: (Fastest to slowest) ,0,0,0,0
ISO (Fastest to slowest) ,32,32,32,32
Exposure Time (Fastest to slowest) ,0.0009124087591240876,0.00045004500450045,0.0002230151650312221,0.0001099989000109999

Processing Constants 
Black Level ,2112
White Level ,16383
White Balance RGB ,2.279785,1,1.8396
Color Conversion 
,1.347353060886324,-0.2852405376822151,-0.06211252320410827
,-0.1750403406270375,1.357892844620846,-0.1828525039938088
,0.03529660917388076,-0.6159430360574164,1.580646426883536

Standard 
Gamma Correction ,1
Mean ,1202.262
Saturation ,0

ONOFF 
Weight ,0.3498294
Alpha ,50.33447
ON Beta ,1.536519
OFF Beta ,1.192491

luminosity Histograms 0-16383 ,0,0,0,0,0,0,0,0,0,0,0,0,0,0,0,0,0,0,0,0,1,1,0,5,4,6,9,11,25,27,43,60,96,116,176,207,259,364,431,558,674,843,1023,1197,1427,1609,1896,2033,2307,2688,2854,3063,3144,3241,3573,3698,3690,3672,3673,3718,3867,3700,3677,3715,3679,3837,3661,3632,3599,3590,3501,3551,3610,3643,3619,3661,3685,3838,3879,4083,4070,4223,4339,4465,4569,4744,4807,4836,4769,4901,5001,4994,5273,5051,5129,5216,5294,5175,5246,5390,5271,5054,5079,5210,5117,5271,5167,5060,5142,5044,4861,4867,4856,5020,4919,4900,4708,4693,4671,4538,4674,4539,4324,4489,4277,4454,4210,4217,4349,4023,4094,3983,4002,4023,3896,3829,3890,4022,3873,3727,3876,3861,3762,3881,3794,3821,3776,3756,3870,3770,3766,3733,3799,3621,3645,3834,3674,3763,3646,3718,3775,3646,3623,3628,3551,3421,3488,3494,3400,3320,3391,3378,3253,3352,3237,3288,3284,3261,3208,3181,3164,3195,3079,3165,3122,3156,3192,3121,3075,3128,3087,3226,3057,3128,3092,3075,3030,3113,3120,3242,3117,3096,3198,3047,3137,3117,3013,3208,3116,3032,3114,3103,3068,3206,3116,2988,2959,3046,3034,3049,3008,3057,2905,2899,2991,2927,2879,2892,2916,2849,2835,2777,2756,2773,2821,2774,2626,2724,2712,2667,2602,2675,2543,2591,2541,2617,2574,2592,2576,2445,2423,2456,2484,2422,2525,2407,2405,2351,2476,2374,2359,2383,2380,2313,2271,2327,2336,2300,2324,2286,2357,2276,2276,2286,2264,2210,2238,2168,2176,2215,2160,2176,2178,2201,2084,2151,2128,2112,2137,2056,2127,2072,2116,2079,2155,2057,2023,2014,2044,1957,2025,1969,1929,2005,1966,2025,1994,1987,1978,1885,1895,1828,1846,1832,1864,1831,1783,1836,1735,1767,1788,1736,1738,1690,1688,1726,1703,1658,1698,1654,1634,1692,1601,1661,1601,1552,1576,1554,1511,1549,1540,1489,1484,1489,1487,1521,1453,1519,1430,1562,1462,1454,1429,1429,1446,1458,1412,1419,1333,1399,1392,1400,1443,1353,1402,1325,1295,1307,1359,1368,1368,1381,1322,1343,1330,1395,1270,1290,1312,1343,1269,1291,1354,1300,1266,1239,1301,1342,1318,1297,1248,1240,1303,1244,1325,1240,1306,1268,1269,1212,1270,1152,1248,1227,1318,1228,1288,1221,1259,1164,1223,1174,1189,1250,1151,1186,1232,1157,1249,1171,1195,1190,1194,1168,1222,1197,1210,1160,1171,1176,1135,1188,1228,1196,1170,1201,1204,1093,1161,1190,1155,1205,1108,1098,1159,1116,1095,1125,1096,1049,1083,1080,1084,1023,1075,1117,1042,1025,1029,1092,1066,1000,1046,1075,1049,1044,1017,1043,957,980,1022,987,983,952,1006,996,972,995,955,998,949,987,971,915,893,907,923,927,932,902,891,935,884,938,914,812,841,875,926,896,903,876,861,836,861,884,804,879,853,849,843,800,856,848,827,862,844,800,835,812,847,789,811,824,813,792,781,802,799,761,751,753,751,759,685,735,743,740,755,746,752,735,699,714,684,720,754,695,734,683,635,656,700,677,654,635,654,670,646,724,661,671,668,677,661,624,663,618,616,601,619,648,671,620,617,649,627,644,642,609,614,612,607,604,551,635,609,608,626,636,617,603,575,604,625,627,606,625,600,579,603,615,643,582,602,582,632,551,636,595,591,637,627,634,588,625,648,673,631,653,632,628,619,618,648,626,667,613,681,694,666,612,628,696,621,706,712,701,665,640,628,658,670,652,678,676,727,726,661,717,674,759,682,654,700,707,731,719,710,738,730,743,679,744,709,699,703,806,733,733,775,742,772,792,724,729,757,809,752,757,727,769,723,796,773,781,782,753,845,825,784,795,754,839,832,853,797,788,845,868,824,861,838,846,840,834,868,896,881,871,875,852,914,901,929,875,923,915,910,1012,998,954,929,907,979,1011,1021,994,939,1049,958,1028,1083,1090,1090,1011,1055,1118,1120,1147,1036,1132,1161,1154,1127,1122,1154,1158,1180,1215,1245,1161,1251,1280,1251,1257,1249,1292,1284,1257,1203,1262,1277,1263,1269,1285,1217,1307,1272,1315,1301,1224,1343,1328,1299,1336,1308,1332,1306,1320,1285,1356,1359,1444,1392,1354,1342,1428,1444,1336,1314,1417,1376,1391,1400,1400,1382,1397,1338,1418,1416,1416,1397,1400,1500,1359,1377,1465,1332,1439,1369,1379,1319,1403,1423,1398,1437,1440,1327,1409,1459,1379,1450,1360,1410,1412,1387,1375,1374,1317,1363,1348,1387,1424,1471,1422,1301,1405,1362,1380,1337,1434,1394,1336,1363,1305,1322,1378,1261,1351,1343,1300,1346,1285,1300,1306,1254,1297,1293,1366,1268,1271,1369,1272,1348,1296,1301,1292,1316,1240,1268,1317,1295,1352,1279,1278,1282,1300,1208,1275,1387,1291,1319,1327,1317,1327,1374,1337,1322,1299,1280,1252,1309,1261,1260,1261,1286,1320,1269,1327,1371,1350,1385,1268,1293,1285,1326,1229,1356,1292,1290,1365,1338,1355,1275,1324,1317,1337,1326,1375,1369,1403,1364,1338,1372,1324,1306,1346,1351,1391,1366,1389,1379,1313,1353,1366,1341,1433,1322,1388,1410,1413,1291,1339,1338,1382,1394,1488,1369,1393,1383,1375,1368,1378,1433,1504,1308,1414,1415,1385,1391,1378,1436,1365,1355,1373,1423,1342,1394,1378,1370,1424,1413,1383,1377,1421,1434,1378,1353,1475,1327,1348,1437,1415,1369,1332,1351,1388,1322,1357,1334,1409,1366,1355,1244,1355,1315,1334,1371,1376,1331,1342,1345,1310,1320,1355,1351,1345,1334,1291,1340,1274,1312,1352,1296,1327,1254,1259,1275,1289,1288,1257,1307,1288,1321,1267,1209,1289,1276,1214,1298,1308,1285,1241,1220,1212,1261,1178,1242,1201,1178,1201,1187,1238,1243,1238,1213,1192,1130,1231,1195,1175,1162,1250,1119,1077,1179,1158,1184,1180,1122,1099,1170,1164,1122,1149,1099,1144,1177,1129,1133,1103,1163,1112,1089,1121,1178,1065,1083,1160,1059,1060,1104,1066,1055,1020,1079,1076,1061,1029,1038,1062,1039,1034,1022,1045,987,1069,1041,1021,1099,1120,1037,1071,998,1069,1040,1055,1008,1006,934,1049,1017,977,1020,994,955,1035,993,965,1012,1067,1054,1012,1023,1008,1009,980,1025,1050,947,1022,951,975,985,1012,983,1019,998,961,1026,945,939,970,964,1059,1000,960,977,989,983,928,976,979,902,936,998,934,1028,859,898,963,948,966,913,910,938,900,882,931,903,879,948,928,879,922,959,945,866,910,843,888,877,918,868,911,945,830,881,900,876,873,894,915,876,814,861,860,848,886,814,844,884,901,902,819,874,897,804,900,857,857,919,844,881,866,895,826,885,840,945,801,839,845,805,865,814,827,918,817,801,814,870,818,868,851,816,823,880,849,851,804,848,808,813,819,887,784,840,861,868,903,868,805,802,830,849,848,820,838,847,814,855,825,816,813,874,830,814,845,842,819,855,804,803,840,825,840,855,862,806,858,915,886,888,912,847,800,808,804,800,877,849,823,789,817,909,860,901,871,821,813,878,823,877,855,857,814,864,807,854,838,843,834,878,819,830,843,885,843,851,789,773,817,818,848,793,788,822,833,815,786,876,833,839,872,820,814,833,803,784,787,798,805,817,821,776,763,849,737,761,787,812,732,792,809,731,756,810,814,765,807,793,776,730,740,757,791,791,808,718,750,818,739,710,794,733,743,804,761,722,762,763,737,767,688,704,704,687,748,686,728,767,719,714,690,728,749,748,710,717,694,775,739,782,713,734,769,732,781,740,767,707,747,760,764,708,775,730,696,682,708,698,750,748,713,733,737,725,745,726,712,748,773,765,726,743,773,777,748,751,742,711,765,734,774,775,745,735,766,772,801,755,761,707,709,761,782,708,759,772,710,747,747,769,779,717,713,775,716,726,767,770,771,715,729,745,767,755,765,725,738,692,716,780,713,685,674,750,743,689,704,698,758,688,721,692,740,730,699,734,715,689,735,698,678,681,741,710,699,737,724,685,749,704,714,722,670,688,677,662,754,722,734,713,694,663,715,721,709,727,686,730,683,656,678,655,700,645,707,698,685,694,643,732,682,714,693,729,673,641,668,663,698,697,660,668,648,659,720,692,691,643,652,685,655,694,658,679,646,687,719,674,676,688,643,723,718,648,654,684,750,684,723,684,663,669,663,684,723,690,710,704,711,702,644,714,703,711,684,661,748,738,711,760,771,773,724,684,734,706,778,681,735,761,725,738,740,746,728,743,761,758,743,736,750,706,773,714,708,705,776,746,741,746,724,787,800,811,743,751,761,770,759,800,809,770,810,689,745,740,780,751,775,789,723,753,762,770,818,766,796,754,776,780,733,744,784,748,727,721,797,769,765,722,716,750,723,750,763,739,674,704,738,716,760,635,737,731,727,649,739,770,735,698,734,772,727,718,707,699,754,705,654,726,695,722,664,690,694,702,680,704,699,720,733,680,684,659,692,704,700,671,653,660,645,671,675,695,677,655,658,698,656,687,675,694,699,638,681,646,707,641,654,612,640,624,620,642,633,717,619,649,645,679,641,655,602,648,635,606,642,648,598,617,613,592,666,602,640,634,657,610,612,652,623,645,616,628,581,580,595,604,630,592,614,624,602,587,576,608,617,582,609,637,618,556,626,596,627,613,574,638,587,627,618,623,622,591,573,587,607,637,605,550,558,591,586,555,591,596,590,548,630,615,564,593,624,564,646,573,608,570,567,603,528,605,568,600,620,603,628,589,578,553,595,606,603,584,565,618,598,572,556,627,597,566,551,594,563,572,597,593,573,593,577,595,619,573,549,536,573,571,623,567,576,607,624,534,589,570,578,552,607,574,546,599,542,561,549,590,609,589,609,590,550,595,581,586,606,575,549,560,577,555,539,567,555,545,560,552,564,554,577,567,580,563,567,523,536,521,590,586,564,563,567,560,563,523,575,563,568,496,563,541,539,570,552,569,526,507,571,575,543,555,545,483,522,546,526,558,533,578,553,558,511,562,560,537,577,480,497,565,513,531,524,544,521,535,486,501,556,497,469,498,489,522,544,551,526,556,537,506,549,519,514,506,515,499,509,512,490,527,528,507,481,509,509,524,507,538,576,494,492,523,521,507,493,557,485,485,518,492,490,550,509,521,513,523,490,495,490,455,474,471,505,484,508,483,506,479,524,480,490,528,486,545,522,499,574,491,487,538,519,506,500,486,483,508,477,494,471,495,418,472,488,514,470,541,487,492,521,494,498,513,481,481,505,462,469,498,512,558,544,492,487,463,501,470,515,482,481,491,497,462,471,487,456,511,473,493,466,488,540,509,490,512,540,491,512,493,506,486,507,462,496,461,507,479,522,539,518,483,458,479,492,502,485,456,481,504,485,470,515,461,514,427,418,501,506,478,511,443,489,469,477,509,494,483,462,550,512,464,504,455,529,465,477,523,503,513,505,458,470,478,495,475,475,471,471,476,476,502,492,450,468,476,472,462,492,485,486,427,459,467,437,486,472,508,505,479,458,475,512,460,535,484,495,503,479,496,459,466,430,448,439,482,462,521,519,457,448,506,459,432,470,477,490,475,466,457,473,486,435,476,429,445,536,471,488,463,483,465,491,466,466,455,480,462,464,481,476,466,438,466,513,442,466,463,475,451,448,444,448,465,482,494,416,439,507,466,480,431,462,461,467,405,485,421,443,438,442,469,430,434,426,446,454,441,460,437,456,453,458,401,421,460,446,464,458,406,462,457,424,466,461,420,462,456,446,440,479,429,430,418,432,452,465,433,468,433,417,434,489,437,427,393,442,430,426,439,431,422,444,435,387,410,399,415,393,446,449,399,413,401,397,382,395,380,373,390,380,408,393,392,392,386,440,397,389,435,396,370,373,408,378,364,368,349,406,360,380,366,339,354,384,371,382,374,335,402,382,374,408,369,354,370,393,368,358,370,376,344,372,361,365,340,333,378,331,391,293,356,329,379,321,346,362,344,348,353,292,340,364,331,386,328,330,344,353,373,342,334,321,324,339,337,309,304,292,333,333,321,307,321,290,315,349,290,325,282,303,341,301,282,304,315,281,318,322,296,274,313,324,294,339,312,329,312,311,312,321,307,326,315,279,301,301,312,331,280,303,302,268,307,318,295,345,298,294,304,293,327,324,300,304,304,312,332,269,330,307,316,289,292,273,289,291,259,296,287,320,303,290,312,258,271,274,274,296,289,293,313,263,275,288,277,274,303,261,301,318,270,313,305,267,279,259,312,275,281,282,281,292,308,288,290,284,273,289,290,299,281,285,279,268,289,273,286,315,281,246,267,290,270,315,277,291,315,279,276,292,283,269,281,288,272,305,287,283,292,262,293,296,252,301,265,293,265,264,274,293,280,325,286,248,265,282,287,276,265,276,281,283,304,280,274,282,290,300,238,282,287,281,291,267,279,294,276,262,262,269,292,297,279,269,270,291,266,300,262,288,291,272,273,273,281,275,277,266,253,289,282,277,279,289,255,275,273,271,277,279,244,242,247,276,279,285,265,260,256,222,276,248,245,265,259,318,266,262,285,286,280,276,240,272,277,279,267,280,255,275,263,265,265,283,254,286,247,270,292,251,284,256,267,288,242,247,316,206,289,267,250,261,270,262,251,286,270,251,270,254,272,280,284,247,260,261,266,264,249,254,246,248,247,255,283,266,251,257,254,264,254,292,252,230,260,260,262,256,274,251,247,246,244,253,253,245,244,248,261,272,245,262,257,259,258,267,246,236,240,254,271,251,257,224,250,240,273,251,237,277,258,247,258,234,287,247,292,236,240,279,283,220,258,229,262,254,252,275,251,245,249,261,248,244,255,272,264,236,247,279,268,264,278,260,271,248,247,260,251,236,251,242,230,281,245,254,279,263,268,254,264,227,259,259,236,260,265,236,230,247,242,246,246,233,247,272,218,218,266,248,269,254,242,252,271,281,276,221,254,244,229,247,226,234,234,248,228,237,267,242,241,228,239,219,239,237,244,237,226,235,244,226,245,250,228,233,245,232,244,241,250,230,218,234,239,243,239,243,238,234,245,260,236,226,227,271,222,229,247,241,226,219,251,219,219,232,222,249,239,210,217,224,209,246,237,237,243,225,225,243,223,227,211,238,224,238,231,232,215,243,223,208,226,253,239,234,231,222,224,237,209,225,208,207,211,232,248,267,215,239,202,228,202,238,212,217,241,258,263,238,226,180,230,207,226,219,225,222,240,220,225,226,251,215,218,202,219,216,220,196,208,196,228,228,196,229,217,212,218,201,218,228,225,224,229,218,213,201,223,210,213,215,206,197,205,199,221,230,217,208,231,197,195,186,208,237,190,189,202,204,219,217,192,195,203,217,215,214,223,198,203,210,225,194,198,207,224,203,207,215,190,192,204,215,244,196,213,202,208,204,164,207,192,170,187,212,197,199,198,198,209,225,222,214,189,215,216,215,195,202,209,229,207,200,213,205,218,203,188,183,202,197,208,205,187,211,191,213,193,177,197,218,215,192,193,174,201,204,232,215,204,225,189,212,206,179,210,182,195,205,214,195,178,202,203,217,210,201,218,202,190,192,212,197,175,201,194,211,199,198,187,207,231,196,193,212,212,181,210,214,203,179,186,203,187,190,206,181,208,193,210,217,228,233,194,200,173,199,205,206,225,190,183,206,213,184,190,210,191,208,208,202,172,215,193,230,220,204,198,195,189,177,196,177,196,196,205,186,192,190,206,162,209,186,177,178,190,185,179,183,198,193,214,164,182,210,204,188,168,199,184,176,207,185,206,178,183,206,202,204,197,206,178,191,207,190,180,189,172,216,173,175,170,201,177,179,171,200,197,163,166,200,193,201,171,210,187,203,189,219,179,190,171,188,183,167,204,188,151,195,182,185,176,191,189,178,192,194,170,174,187,187,176,176,174,194,189,193,202,185,168,175,198,160,172,191,179,180,176,189,188,163,207,189,197,212,181,189,189,198,170,181,179,202,175,182,166,196,200,204,199,186,179,187,175,167,184,182,187,164,180,207,193,176,178,178,175,156,219,172,195,203,174,194,164,196,189,219,215,178,183,198,184,186,239,205,207,203,189,192,188,174,166,188,188,171,193,186,196,192,198,196,185,173,191,158,183,194,217,176,201,179,194,208,163,190,192,203,184,191,246,220,210,201,178,213,189,175,174,195,216,207,185,218,189,179,197,203,192,189,200,195,196,202,193,187,196,203,198,193,191,191,219,188,189,215,175,188,210,176,205,197,202,199,208,176,191,214,174,185,189,201,166,188,173,183,197,181,218,198,171,177,212,178,192,199,176,191,198,170,203,210,199,188,213,169,200,215,176,179,221,185,198,185,176,175,172,196,187,190,189,211,167,204,188,181,192,168,204,176,194,211,187,199,182,167,182,148,168,173,203,173,174,192,167,189,151,172,171,190,184,209,167,189,164,170,175,181,165,165,163,158,194,206,159,157,160,134,160,157,191,185,157,188,163,173,159,178,159,151,170,146,161,132,164,139,181,143,154,171,174,164,138,155,157,150,155,161,156,162,160,155,166,134,164,170,146,158,148,123,157,147,171,138,135,157,161,166,133,138,150,143,156,167,163,156,149,137,122,156,143,147,136,135,123,146,130,139,142,151,126,146,120,149,136,125,146,140,128,146,117,137,162,142,160,148,119,133,142,132,131,140,144,122,141,137,138,121,120,118,134,140,136,121,134,147,120,128,132,129,126,159,117,145,132,119,118,130,132,139,135,123,140,125,126,116,112,121,121,137,128,124,116,131,106,120,124,128,111,115,108,132,128,104,121,132,121,129,129,110,115,121,119,114,115,128,114,120,105,123,130,137,115,120,113,128,131,105,144,124,106,101,120,116,123,108,113,97,102,116,131,122,123,104,104,121,115,108,105,126,114,107,120,102,120,91,105,130,102,121,130,112,92,92,110,108,106,88,106,83,102,102,95,125,105,112,114,110,113,92,114,90,106,94,117,109,110,110,101,99,106,107,116,114,111,127,104,91,100,114,132,117,96,111,83,108,82,81,105,89,104,96,135,101,95,83,99,116,91,100,98,100,92,111,113,100,108,98,104,108,98,101,92,89,108,106,102,123,98,96,109,106,88,79,92,98,85,103,92,103,103,96,105,104,88,97,107,100,97,89,81,78,90,80,79,102,102,99,89,88,87,93,82,92,88,95,85,78,86,102,86,83,94,101,89,83,84,92,88,100,106,76,88,89,92,96,86,102,83,90,83,89,76,91,97,97,99,81,99,102,87,103,80,85,108,80,89,97,85,82,86,91,81,79,91,92,79,94,82,88,104,86,93,87,91,108,86,74,89,96,87,70,78,90,73,90,92,91,91,84,90,89,80,84,95,101,90,105,92,88,86,82,80,104,89,92,87,93,110,89,85,100,99,106,90,94,80,92,84,93,90,76,85,86,78,109,90,84,95,86,88,82,95,87,99,94,89,88,94,102,104,71,80,103,89,85,76,80,87,93,95,94,86,97,78,85,117,97,102,102,104,89,86,79,91,98,107,86,94,92,94,98,84,81,104,105,88,100,97,112,90,99,96,102,93,103,92,87,99,87,81,99,93,95,82,94,109,102,83,102,105,99,96,107,93,89,88,92,116,96,117,97,106,107,110,97,79,117,103,101,92,97,96,122,118,100,99,115,104,96,103,119,110,123,117,109,107,112,98,101,114,117,100,109,112,118,100,112,103,100,116,113,110,125,96,105,99,112,98,114,106,96,121,113,122,97,118,119,106,107,108,129,109,113,111,100,102,103,119,97,108,112,109,104,127,110,90,99,116,99,101,86,109,103,98,104,85,106,116,121,112,92,121,107,108,118,94,117,100,122,105,102,91,99,127,114,106,97,120,114,106,109,102,101,113,105,98,114,111,92,92,116,99,111,106,109,86,97,91,108,115,88,105,117,94,107,113,105,122,111,84,101,92,129,99,114,114,105,113,107,92,102,104,124,109,104,98,119,102,93,95,92,115,98,103,104,86,80,104,114,106,100,101,102,98,83,99,99,98,100,114,96,104,102,99,94,94,91,91,117,105,110,99,112,96,93,117,114,97,93,101,99,93,94,90,95,76,94,83,82,86,86,95,91,89,85,88,82,108,97,76,100,94,92,91,98,99,91,76,85,95,106,76,75,95,83,78,87,104,105,87,80,102,98,94,99,91,74,103,95,96,76,79,81,95,80,99,80,77,97,88,86,98,72,88,92,73,89,96,101,77,94,107,87,81,87,82,83,95,93,72,86,97,77,87,88,70,75,83,100,92,93,76,84,77,92,97,95,64,81,76,80,88,76,85,76,76,91,82,92,77,81,79,68,79,94,68,83,87,89,84,80,82,86,93,86,70,77,69,85,78,74,71,65,72,77,78,62,94,89,79,78,81,82,56,74,83,75,69,76,93,73,87,88,85,74,81,82,59,84,64,86,62,60,70,65,73,79,76,78,78,70,90,72,90,87,75,68,89,69,101,67,64,68,86,82,70,67,81,79,69,78,68,71,85,68,80,87,91,78,71,70,92,80,77,76,70,92,69,68,70,85,56,70,75,65,73,90,59,78,70,71,73,75,70,85,68,60,68,72,61,77,71,82,71,70,69,74,90,76,63,67,57,78,69,74,51,75,67,57,64,74,67,73,84,65,73,70,66,67,73,68,77,67,58,66,64,70,80,54,59,63,76,56,69,69,53,64,71,69,72,73,52,59,66,64,52,63,57,53,53,63,71,68,64,56,54,70,55,66,61,55,57,63,66,61,69,65,71,61,64,75,61,42,71,60,65,64,65,64,59,50,57,61,66,66,61,50,50,66,51,53,61,63,62,59,65,57,53,46,47,47,52,50,59,49,55,70,54,52,57,53,60,47,51,45,56,46,52,61,57,51,54,57,62,54,56,45,49,50,52,56,43,43,64,57,58,53,34,68,51,48,39,53,42,39,55,50,55,48,51,48,53,45,54,46,43,54,55,64,44,49,45,49,63,53,44,50,50,51,53,51,54,58,59,43,46,45,41,59,45,40,37,56,45,56,47,34,46,47,51,46,44,53,54,39,34,56,55,45,53,44,47,37,47,52,58,50,45,53,48,71,61,47,46,54,52,50,50,34,43,45,34,38,48,33,48,41,53,41,43,54,45,49,36,53,47,42,35,51,52,45,49,48,49,42,42,39,56,43,44,47,37,59,42,42,47,41,43,62,43,45,39,48,46,48,38,49,48,39,45,44,59,37,45,47,41,50,44,44,47,34,48,42,61,40,49,54,53,54,40,55,34,48,46,42,42,39,46,45,40,60,44,44,45,47,42,43,57,40,38,51,35,48,42,42,53,42,53,43,41,51,43,43,49,40,40,52,57,53,47,40,44,56,44,49,41,50,51,33,46,43,48,44,45,33,50,41,35,38,51,53,34,51,60,44,64,52,44,60,54,43,43,49,45,44,45,45,45,42,48,47,44,42,45,48,43,49,39,43,44,59,43,32,59,50,47,46,42,46,49,45,44,39,49,38,40,53,32,48,34,42,47,39,45,56,47,58,34,38,42,48,34,49,36,40,33,40,45,55,46,45,44,36,51,50,63,43,43,45,46,54,46,56,50,34,52,45,45,50,51,49,49,49,56,42,45,48,35,48,45,48,44,49,39,44,42,53,59,42,33,44,41,44,38,54,37,49,44,45,50,52,39,58,52,40,63,54,44,45,58,46,54,52,39,52,40,48,40,53,38,37,51,34,52,47,50,43,40,65,40,45,49,43,44,57,43,55,45,45,51,48,46,50,42,57,56,51,50,56,44,47,62,57,56,41,43,60,48,46,51,49,45,56,46,39,58,45,52,51,29,57,50,52,53,54,43,43,42,47,45,46,53,40,45,44,45,59,48,41,52,41,56,60,57,47,46,53,39,46,56,56,66,42,65,45,51,42,52,45,41,40,57,43,45,54,50,54,54,55,50,46,32,50,56,49,58,57,48,48,50,53,54,43,49,44,64,59,40,44,55,49,62,61,49,64,54,52,48,47,44,60,50,43,60,49,73,58,47,38,55,44,65,40,46,50,56,54,56,51,61,55,45,61,51,55,36,51,47,62,53,57,61,55,50,51,52,61,57,58,60,56,46,51,41,62,52,47,50,49,53,57,60,51,65,71,60,72,47,44,52,59,46,64,49,73,50,60,64,48,78,48,56,63,43,50,64,52,39,51,63,39,42,47,53,50,59,46,45,47,52,54,51,59,52,54,55,62,60,58,49,48,44,48,38,51,60,56,50,64,55,54,64,63,54,56,67,65,51,61,57,50,78,51,65,58,60,59,47,69,71,53,51,54,63,63,46,53,49,44,51,53,69,52,57,65,60,68,50,55,65,51,56,59,51,66,48,48,54,51,48,48,61,65,51,54,54,54,53,54,67,41,47,64,71,47,49,53,43,45,47,43,48,49,57,55,57,67,62,49,44,55,57,52,43,41,44,55,49,49,46,42,42,54,70,51,42,37,53,43,60,56,54,57,54,53,50,56,48,32,46,59,46,57,56,40,52,50,55,50,55,51,50,48,38,53,45,51,60,49,46,38,41,52,53,53,42,45,40,59,39,53,42,41,54,45,40,52,57,38,48,68,49,46,43,35,57,52,47,43,48,43,42,51,46,44,50,48,47,46,38,47,53,54,47,39,36,44,46,45,43,40,45,37,37,37,26,40,43,44,38,39,35,50,35,38,38,35,41,43,40,45,33,41,34,42,43,48,38,35,33,53,46,47,36,45,40,27,38,51,34,39,39,48,56,37,39,47,43,40,42,42,37,52,56,43,38,51,31,37,39,40,43,38,56,37,44,53,39,37,45,45,44,37,37,36,40,49,42,44,51,37,41,36,53,40,36,38,39,35,41,41,44,33,42,36,45,34,31,37,35,39,40,47,38,44,36,33,39,31,47,52,38,42,35,39,40,48,29,42,35,36,45,43,41,33,42,46,35,55,36,43,43,42,38,40,40,38,30,47,41,47,47,37,29,37,30,42,46,49,42,38,48,41,41,44,46,34,42,31,52,44,37,34,40,42,33,46,43,38,29,36,30,39,40,40,40,37,27,35,37,25,35,30,29,47,44,41,37,46,39,41,48,46,42,45,31,48,36,61,24,44,37,41,43,38,49,41,45,44,41,32,48,32,32,45,38,48,36,56,37,41,43,46,37,43,52,39,40,42,48,38,43,48,45,39,39,41,47,53,44,42,35,38,46,41,45,41,32,46,31,37,34,47,46,43,37,47,40,43,41,44,52,52,42,39,59,40,43,41,46,40,45,50,43,42,44,30,42,52,40,35,40,54,38,51,41,38,39,51,53,41,47,50,39,47,43,44,54,44,41,51,50,50,41,49,45,50,45,37,37,32,52,55,45,56,43,37,43,47,55,45,39,46,60,45,46,46,54,46,42,42,56,50,31,41,46,54,42,43,41,46,28,52,42,47,48,47,53,44,53,54,45,54,45,49,41,44,55,35,53,44,38,52,56,49,39,54,40,52,39,41,38,44,31,39,40,44,43,47,48,52,56,45,48,40,43,37,53,47,49,68,35,45,48,45,49,54,52,59,55,48,49,53,43,49,49,55,54,39,48,41,39,48,48,41,46,50,28,49,43,47,46,66,49,44,49,56,52,55,46,53,48,51,53,52,45,53,55,47,43,42,44,49,65,53,49,59,44,41,51,53,44,44,43,58,48,34,48,47,59,64,58,44,39,53,43,44,55,42,45,39,58,48,57,42,35,41,52,49,50,58,45,48,52,36,44,49,60,41,46,51,50,50,56,48,53,55,51,48,45,55,45,60,41,50,46,48,52,51,52,47,41,44,56,56,55,52,54,47,40,56,40,54,51,46,48,54,45,39,45,46,56,47,45,47,38,45,52,46,45,40,45,44,34,39,57,48,49,43,47,34,43,50,38,51,41,47,41,50,47,44,40,30,42,42,41,44,47,39,56,39,53,51,46,49,36,40,36,46,49,35,47,47,46,45,39,42,43,41,41,46,56,43,40,43,51,32,43,36,39,44,35,44,29,40,33,38,31,33,42,38,56,43,36,41,40,44,27,31,38,33,41,40,42,46,36,35,41,32,35,49,35,40,33,26,37,39,29,39,40,33,33,33,35,34,36,30,31,30,22,38,36,38,37,30,26,36,26,51,29,30,33,26,31,36,36,29,31,26,27,31,22,24,35,33,29,31,22,19,30,30,32,33,27,27,24,30,31,29,15,25,29,21,24,27,31,32,20,29,27,30,24,23,42,25,17,23,21,24,24,14,27,26,18,23,21,25,22,31,19,25,25,15,15,36,24,20,26,21,27,16,24,26,26,12,23,24,29,19,17,32,22,18,13,17,19,19,19,20,23,20,17,16,24,23,18,18,15,25,13,24,13,11,19,18,22,17,25,20,22,19,18,17,14,11,6,19,15,18,22,20,23,31,21,22,12,24,20,19,21,20,18,19,17,13,12,18,13,18,20,17,14,14,17,14,14,14,14,16,9,17,18,12,17,18,15,9,15,8,13,11,9,22,12,19,13,14,14,13,10,17,18,12,5,16,11,13,19,10,9,12,11,15,11,11,20,13,17,20,17,15,12,4,17,16,17,14,16,15,17,13,11,9,10,15,7,12,9,17,8,11,12,8,10,8,7,14,7,13,8,8,12,12,10,16,14,12,10,8,9,14,6,11,12,9,10,8,7,14,13,12,9,14,11,6,10,4,10,12,8,9,6,7,8,8,6,10,8,8,4,6,8,8,13,10,11,10,8,3,8,5,4,8,10,9,9,10,5,10,6,10,2,7,5,7,5,10,3,6,9,8,8,9,5,3,12,13,9,9,3,3,6,10,10,6,6,3,8,5,3,3,3,4,2,6,3,1,4,6,3,2,10,6,3,7,2,2,4,4,3,2,6,4,3,2,4,3,2,5,6,2,3,2,5,4,2,4,4,5,5,2,2,3,1,4,8,3,4,0,2,2,2,2,7,6,2,5,4,8,4,2,1,1,2,2,4,1,3,6,3,5,2,2,2,1,5,3,2,4,1,4,3,5,2,4,1,2,3,5,5,1,5,1,2,3,1,3,4,2,4,1,3,4,5,0,4,1,5,5,4,4,3,4,1,2,2,5,2,5,2,3,3,4,2,2,3,2,2,1,3,2,2,4,2,2,4,1,3,1,2,1,3,8,3,3,1,1,3,0,2,3,7,1,4,0,3,0,1,4,2,2,4,1,2,2,1,1,2,2,2,4,1,1,2,2,3,6,3,2,8,3,4,2,1,4,4,2,2,2,1,2,5,1,1,3,2,2,1,0,4,0,2,1,1,3,0,5,7,2,3,6,4,1,4,0,1,1,4,6,2,2,1,1,0,5,1,3,2,3,2,1,4,4,3,2,2,2,1,3,2,1,4,2,1,4,1,1,2,3,3,0,3,2,2,2,3,3,2,5,4,0,2,1,1,4,2,0,2,1,3,1,0,2,3,5,5,3,8,4,5,2,1,1,3,4,2,2,1,1,2,3,5,3,4,1,4,1,1,4,5,3,3,3,4,2,5,3,2,4,4,1,3,5,2,1,2,1,2,2,1,3,0,6,3,1,0,3,1,2,4,3,1,3,2,1,4,4,3,4,0,2,1,7,1,4,2,3,3,1,1,4,1,5,6,3,1,4,6,1,1,1,3,4,4,3,4,3,5,2,3,2,3,0,3,2,3,2,3,3,1,2,0,2,7,2,0,0,0,2,0,2,2,2,5,2,0,4,6,4,2,0,1,2,2,1,2,2,2,2,6,2,2,1,1,3,4,0,3,0,3,2,1,2,0,2,2,1,2,4,4,2,1,4,2,3,2,2,2,4,2,1,1,2,0,2,3,4,3,4,4,4,2,6,1,1,3,1,3,3,1,1,3,0,1,2,3,3,3,2,0,4,1,0,1,5,1,2,4,1,1,1,1,1,2,2,2,4,2,2,3,0,5,1,3,2,2,2,3,1,0,3,5,2,0,4,3,5,4,4,4,0,1,1,3,0,0,3,4,3,3,0,2,4,6,1,2,2,1,0,0,2,1,0,5,6,1,4,4,3,1,1,1,4,1,1,2,2,4,4,5,4,2,1,2,1,2,1,1,2,4,2,2,0,2,1,2,1,3,5,3,1,4,1,1,3,1,2,4,2,1,1,3,0,2,1,4,1,0,4,1,0,4,0,2,1,1,2,1,2,4,5,2,3,3,1,4,5,1,0,1,0,2,1,3,3,2,3,2,1,2,2,3,1,3,2,3,4,3,2,2,2,1,1,2,1,3,2,3,0,3,3,3,1,3,4,4,1,2,2,2,2,1,1,4,2,3,3,5,0,4,4,2,2,2,3,0,0,1,5,1,3,2,2,3,3,2,3,1,3,1,4,1,2,5,0,1,2,1,0,2,2,0,3,1,2,0,3,1,3,4,1,1,3,1,0,1,2,4,3,0,2,2,2,2,0,5,3,2,6,4,1,0,2,4,5,2,1,1,1,0,0,0,5,0,2,4,5,1,1,1,1,3,0,1,1,0,2,1,3,3,1,3,2,2,2,0,2,2,0,1,2,3,2,1,2,2,1,2,5,4,1,2,3,3,0,0,1,1,2,3,5,2,3,3,4,3,4,1,3,4,3,4,2,1,2,4,3,1,2,4,2,2,3,4,0,4,5,1,2,3,4,3,4,2,3,0,2,1,2,2,1,3,2,0,1,1,1,1,1,3,3,0,2,1,2,3,2,1,0,0,1,5,0,1,2,5,1,1,1,2,2,2,4,2,2,5,5,2,1,3,3,1,0,3,1,2,1,1,3,6,1,3,3,1,2,6,4,1,2,4,1,3,5,3,2,1,2,1,2,1,3,3,3,1,1,3,1,1,1,1,2,1,2,3,1,0,3,3,2,4,2,0,1,3,4,0,2,2,3,2,2,1,1,2,2,3,0,1,4,3,1,2,0,3,2,3,0,2,3,2,1,3,3,0,3,0,1,5,2,2,1,4,3,5,1,4,0,7,0,3,3,1,2,2,1,3,1,3,2,1,3,6,0,1,2,2,0,2,0,1,2,4,0,0,1,1,1,3,1,2,2,4,2,1,4,3,3,2,2,0,1,2,2,3,1,3,2,3,0,2,5,1,3,4,1,2,3,1,2,0,1,1,2,1,5,2,3,3,1,1,1,1,2,1,4,0,0,1,2,4,0,4,2,1,2,4,3,2,1,0,2,0,0,2,1,4,3,6,3,1,1,0,2,3,1,1,3,1,3,2,1,3,3,0,3,3,2,3,3,2,0,1,1,2,6,3,0,1,4,0,1,1,2,2,3,1,1,4,3,1,0,2,4,2,2,2,3,3,1,0,2,3,0,4,3,1,2,1,3,3,0,1,1,2,4,1,2,1,0,2,1,0,2,2,2,1,4,4,1,3,2,3,3,3,0,3,1,1,1,1,0,5,1,1,2,2,0,1,3,3,2,3,2,3,7,2,2,3,2,0,0,1,1,4,0,2,3,5,2,1,0,2,5,2,1,2,1,5,1,1,0,2,1,0,4,1,4,0,1,1,3,4,4,1,2,1,2,3,3,0,2,1,1,2,0,1,0,4,1,3,1,4,2,2,5,0,6,3,1,3,0,3,2,0,1,0,1,2,1,4,4,3,1,2,4,0,3,0,3,2,4,1,3,1,0,0,1,1,3,2,1,1,2,2,2,3,1,1,2,3,1,1,2,3,3,1,0,2,2,0,0,0,3,4,3,3,1,3,5,5,2,4,4,0,2,1,2,2,1,1,2,4,1,1,4,0,2,1,0,2,2,1,1,1,4,2,1,1,1,0,1,1,0,5,1,1,2,1,2,0,4,1,4,1,2,2,1,0,0,3,0,1,1,4,4,2,3,0,2,3,3,4,1,2,5,4,0,3,4,2,3,5,1,1,0,2,2,2,2,4,1,2,4,3,1,1,2,4,3,3,1,0,3,0,3,4,3,1,4,2,0,2,2,4,1,0,3,1,0,4,4,0,4,1,1,1,1,3,1,2,0,1,3,1,0,4,4,0,0,2,2,2,1,3,1,1,0,1,0,3,1,3,0,0,2,3,1,2,2,0,2,1,1,4,3,2,5,1,0,2,3,0,0,3,3,3,2,2,5,2,0,1,0,1,3,4,1,1,2,1,4,2,5,4,5,0,1,4,2,2,1,4,0,2,3,0,2,3,4,2,3,1,2,3,2,2,2,2,1,0,0,1,0,1,2,1,2,3,0,5,3,1,3,3,1,0,1,3,2,0,1,0,1,1,2,3,1,1,4,0,1,2,4,1,1,2,2,3,2,2,2,2,1,4,3,1,4,3,0,3,2,1,1,1,0,2,4,2,3,1,1,0,3,1,0,0,1,1,1,1,3,3,2,0,1,2,0,1,0,4,2,3,3,1,1,1,1,2,2,6,3,0,2,3,2,1,2,1,1,2,0,3,0,3,0,3,0,1,3,1,1,2,0,0,1,2,3,2,2,4,4,0,1,4,3,0,1,2,0,0,4,2,3,2,4,3,1,2,0,0,3,3,1,1,2,1,2,2,0,1,0,1,0,3,2,2,1,3,1,1,0,1,3,2,2,1,1,0,0,2,2,0,1,0,4,2,2,0,0,0,0,1,2,0,1,2,1,2,3,3,3,0,0,4,2,0,2,2,3,1,1,1,2,1,1,2,2,0,1,2,0,1,1,3,3,1,0,2,0,3,4,2,0,2,1,0,1,2,2,0,3,2,1,0,1,2,3,2,1,1,2,3,0,2,0,3,1,1,1,0,1,0,2,2,2,2,2,1,4,0,0,1,2,3,0,2,1,2,0,1,0,1,1,1,2,0,0,0,2,0,1,0,1,0,2,1,1,1,3,0,0,1,1,1,0,0,1,1,2,3,1,1,1,0,1,2,0,3,3,1,3,0,0,2,2,0,1,1,1,0,1,0,3,3,1,1,1,0,1,0,0,0,0,0,2,2,2,1,1,2,0,0,0,0,3,0,0,1,0,1,0,1,1,0,1,4,0,1,2,0,3,1,1,1,1,1,1,0,15,1,2,1,1,0,0,3,2,0,1,4,2,0,0,1,1,0,2,1,1,1,1,0,1,3,0,0,1,0,0,0,0,0,1,2,0,1,1,3,2,3,1,2,0,0,0,1,1,1,2,1,1,0,1,3,1,1,1,1,0,1,1,2,2,0,0,1,2,2,2,1,1,2,1,1,1,0,3,2,2,0,0,1,0,1,1,2,1,1,0,2,0,0,1,0,0,1,1,1,2,0,0,2,0,1,1,1,2,1,2,3,1,1,2,0,0,2,2,0,0,2,2,1,3,0,0,1,1,0,0,1,1,0,2,1,1,0,3,4,0,1,0,0,3,1,2,0,1,2,2,0,0,1,1,0,1,0,0,0,2,1,1,0,0,3,0,0,0,0,1,1,1,2,1,1,1,2,1,0,0,2,0,0,0,0,2,1,1,1,2,1,1,0,2,2,1,0,0,0,0,1,2,0,2,1,0,2,0,1,0,1,0,0,1,1,0,0,0,0,0,0,2,1,0,1,0,2,0,0,0,1,0,0,0,0,1,0,1,0,2,0,0,1,2,0,0,0,1,0,2,1,0,2,0,0,0,1,1,0,1,0,1,0,0,1,1,3,2,1,1,1,1,1,0,3,0,1,1,0,1,0,0,0,0,0,0,2,0,1,0,0,1,1,1,0,0,0,0,2,1,1,0,0,0,0,0,1,0,1,1,1,0,1,0,0,0,1,0,0,1,4,0,0,0,1,2,2,0,0,1,0,0,2,0,0,1,1,0,2,0,1,0,0,0,1,0,0,1,1,0,0,0,0,1,1,0,0,0,0,1,0,0,0,5,2,0,1,2,2,0,0,1,0,0,0,0,0,1,0,0,0,1,1,1,1,0,0,1,2,1,1,0,1,1,0,0,0,1,1,1,0,2,2,0,1,1,0,1,1,0,0,1,2,0,0,1,1,0,0,0,2,1,0,0,0,0,0,1,0,1,0,0,1,2,0,0,0,1,0,0,0,0,1,0,0,2,0,0,1,1,0,0,1,1,0,0,0,0,1,0,0,0,0,1,1,1,1,1,1,0,0,0,1,0,0,1,1,1,1,0,0,1,0,0,0,0,0,0,0,0,0,0,0,1,1,1,1,1,0,0,0,0,1,0,0,0,0,1,1,2,1,1,0,0,3,1,1,1,0,1,2,0,1,0,0,0,2,1,1,0,0,1,0,0,0,0,0,1,0,0,0,2,1,1,0,0,1,0,2,1,0,0,0,0,0,1,3,0,0,0,0,0,0,0,1,0,0,0,0,1,0,0,0,0,1,0,0,0,0,0,0,0,0,1,0,0,0,3,0,1,0,0,0,1,0,1,0,0,0,0,1,1,0,0,1,0,1,0,1,0,0,0,0,1,0,0,0,0,1,1,1,1,0,0,0,0,1,0,0,1,0,0,1,0,0,0,1,0,0,1,0,0,1,0,1,0,1,2,2,3,1,1,0,1,0,0,0,0,0,1,0,0,1,1,0,1,0,0,0,0,2,0,0,0,0,1,0,1,0,0,1,0,0,1,0,1,0,0,0,1,0,0,0,1,0,1,0,0,1,0,0,2,0,0,1,0,1,2,0,0,0,1,0,0,0,1,0,1,0,0,0,1,0,0,0,0,0,1,0,2,0,0,0,1,0,1,1,0,2,1,0,2,2,0,1,0,0,1,1,0,0,0,1,0,0,0,0,1,0,0,0,0,0,0,0,0,1,0,0,0,0,0,1,0,0,0,0,1,2,0,1,1,0,0,3,0,0,0,0,0,0,0,0,0,0,0,0,0,0,1,0,0,0,2,0,0,1,0,0,2,0,0,0,2,0,0,0,2,0,1,0,2,0,1,1,0,1,0,0,1,2,0,0,0,1,0,0,1,0,1,0,2,0,0,0,0,2,1,0,0,1,1,0,1,1,0,0,0,0,0,1,1,0,1,1,0,0,0,0,0,1,1,0,0,0,1,0,0,2,0,0,0,1,1,0,0,0,0,1,0,0,0,2,0,1,1,1,0,1,0,0,0,0,1,0,0,2,0,0,0,0,1,1,2,0,0,0,0,0,0,0,0,0,0,0,0,0,0,0,0,0,0,0,0,0,0,0,0,0,0,0,0,0,0,0,0,1,1,1,0,0,0,0,0,0,1,0,1,1,0,1,0,0,0,0,2,0,0,0,0,2,0,0,1,0,1,0,0,2,2,1,1,1,0,1,0,0,2,1,0,0,0,2,1,1,0,0,1,0,0,0,0,0,0,0,0,0,0,1,1,1,0,1,0,1,0,0,0,1,0,1,1,0,0,0,0,0,0,0,0,1,1,0,0,2,0,1,0,0,0,2,0,0,0,1,0,0,0,0,0,0,0,0,2,0,1,0,0,1,0,0,0,0,0,0,0,0,0,0,0,0,0,0,1,0,1,0,1,0,0,0,1,0,0,0,1,0,0,0,1,0,0,0,0,0,0,0,0,0,1,2,2,1,2,0,0,2,2,0,0,1,0,0,0,1,1,0,0,1,0,1,0,0,1,0,1,0,0,0,1,0,0,0,1,0,0,1,0,0,0,0,0,1,0,0,1,0,1,0,0,0,0,0,0,1,0,1,0,0,0,0,0,0,0,0,0,0,1,1,0,0,1,2,1,0,0,0,0,0,0,1,0,0,1,0,0,0,1,1,0,0,0,1,0,1,1,1,1,0,0,0,1,0,0,0,0,0,0,1,1,1,0,1,3,0,0,0,0,1,1,0,1,0,0,0,0,1,0,0,0,0,0,0,1,0,0,0,0,0,0,0,0,1,0,1,1,0,2,0,1,0,1,0,0,0,2,0,0,0,0,0,0,2,1,0,1,0,1,1,0,1,0,1,0,1,0,0,1,0,0,0,0,0,0,0,1,1,0,0,0,1,1,0,0,1,1,0,0,0,2,0,0,1,0,1,0,0,1,0,0,1,2,0,1,1,0,0,0,0,0,3,1,1,1,0,0,2,0,0,0,0,0,1,0,3,1,2,0,1,0,2,0,2,0,0,2,0,0,1,1,0,0,0,0,0,1,0,1,0,1,0,0,0,0,0,0,1,1,0,0,0,0,0,0,0,0,0,0,0,0,0,0,0,0,0,0,0,0,0,1,0,1,0,0,0,1,1,0,1,0,0,0,0,0,0,0,1,1,0,0,1,0,0,1,0,0,0,0,1,0,0,0,1,0,0,0,0,0,0,1,1,0,0,1,0,0,2,0,0,0,1,0,1,0,0,0,0,0,0,0,0,1,0,1,0,0,0,1,0,0,0,0,0,0,1,0,0,0,1,1,0,0,0,0,0,0,0,0,0,0,0,1,1,0,0,0,1,1,0,1,0,0,0,1,0,0,1,0,0,0,0,1,0,0,0,1,1,0,0,0,0,1,0,0,1,0,1,0,0,0,0,0,0,0,1,0,0,0,1,0,0,0,0,2,0,0,0,0,2,1,1,0,1,1,1,0,0,1,1,0,1,0,0,1,1,1,1,0,1,0,1,0,2,0,1,2,0,0,0,1,0,0,0,1,0,0,1,0,1,0,1,0,0,0,1,0,0,1,1,0,2,0,0,0,1,0,0,0,0,0,0,0,0,2,0,1,3,1,0,0,1,0,0,0,0,0,0,0,1,0,0,1,0,0,0,1,1,0,0,0,1,0,0,1,1,1,0,0,1,0,0,0,1,1,0,1,1,0,0,0,0,0,0,0,0,0,0,0,0,0,0,1,0,0,1,0,0,1,1,0,0,0,0,0,3,0,0,1,0,0,0,0,0,1,0,0,0,0,1,0,0,0,2,0,0,0,0,0,0,0,1,0,0,1,0,0,1,0,0,0,0,1,0,0,0,0,0,1,0,1,0,0,0,0,0,0,1,0,0,1,0,0,0,0,0,0,1,1,0,0,0,1,0,1,0,0,0,0,0,0,1,0,1,0,0,1,0,0,0,1,1,2,0,0,0,0,0,0,0,0,0,0,0,1,0,0,0,0,1,1,0,1,0,1,0,0,0,0,0,0,0,0,0,1,0,0,1,0,1,0,0,2,0,0,1,0,2,0,2,0,1,0,1,0,1,0,0,0,0,0,0,0,0,0,0,0,1,0,2,1,0,0,1,0,1,0,0,1,0,1,0,0,1,0,0,0,1,0,0,0,0,0,0,1,0,1,0,0,0,0,0,2,0,0,0,0,0,0,0,0,0,0,1,0,0,0,0,1,1,0,0,0,0,1,0,0,0,2,1,0,0,0,0,1,2,2,1,1,0,0,0,1,1,0,0,1,0,1,0,0,0,0,1,1,1,1,0,0,0,1,0,0,2,0,0,2,0,1,0,0,0,0,0,0,0,1,0,0,0,0,0,0,0,0,0,1,0,1,1,0,0,0,0,0,0,1,0,0,0,0,1,0,1,0,0,0,0,1,0,1,0,0,1,0,0,1,0,0,1,0,0,0,0,0,0,0,0,0,0,0,0,0,0,0,0,1,0,0,0,0,0,1,0,2,1,0,0,0,0,0,0,0,0,0,1,0,0,1,0,0,1,1,0,1,0,1,0,0,0,0,0,0,0,0,0,0,0,1,1,0,0,0,0,0,0,0,0,0,0,0,0,0,0,1,0,0,0,0,0,0,0,1,1,1,0,1,0,0,0,2,0,0,0,0,0,0,0,0,0,0,1,0,0,2,0,0,1,0,1,0,0,0,0,0,0,0,0,0,0,1,1,1,0,0,0,0,0,0,0,0,1,0,0,0,0,0,0,0,0,0,1,0,0,0,0,0,1,0,0,0,0,0,0,0,0,0,0,1,0,0,0,0,0,0,0,0,0,0,0,1,0,0,0,0,1,0,0,2,1,1,0,0,0,0,0,0,0,0,0,0,0,0,0,0,0,0,0,0,0,0,0,0,1,1,0,0,0,1,1,0,0,0,0,0,2,0,0,1,0,1,0,1,0,0,0,0,0,0,0,0,0,0,0,0,0,0,0,0,0,0,0,0,1,0,0,0,0,2,0,1,0,0,0,1,0,0,2,0,0,0,1,0,0,0,0,1,0,0,0,0,0,0,1,0,0,0,0,0,0,0,2,0,0,1,0,0,0,0,0,1,0,0,1,0,2,1,0,2,0,1,0,0,0,0,0,1,0,0,0,0,1,0,0,0,1,0,1,2,1,0,0,0,0,0,0,1,0,0,0,1,0,0,0,1,1,1,0,2,1,0,1,0,0,0,0,0,0,0,0,0,0,0,0,2,0,0,0,0,0,0,0,0,0,0,0,0,0,1,0,1,1,0,0,0,0,0,1,0,1,1,0,0,0,0,0,0,0,0,1,0,0,0,0,1,0,0,0,0,0,0,0,0,0,1,1,1,0,2,0,0,0,0,1,1,0,0,0,1,2,0,0,0,0,0,1,0,1,0,0,1,1,0,0,0,0,0,0,0,0,0,0,0,0,0,2,0,0,0,0,0,0,0,0,0,0,0,0,0,0,0,0,0,1,0,0,0,1,1,0,0,1,0,0,0,0,0,3,0,1,1,1,0,0,1,0,0,0,1,1,0,0,1,1,0,1,0,0,0,0,0,0,0,0,0,0,0,0,0,0,0,1,0,0,1,0,0,1,0,1,0,0,0,1,0,0,0,0,0,0,0,1,1,0,0,0,1,0,0,0,1,0,0,0,0,0,0,1,0,1,0,0,0,0,1,0,0,0,0,0,0,0,0,0,1,1,0,1,0,0,0,1,0,1,0,0,0,0,1,0,0,0,0,1,0,0,0,1,1,0,0,0,0,1,1,0,0,1,0,0,1,0,0,0,0,0,0,0,1,1,0,0,0,0,0,0,0,0,0,0,1,0,0,0,0,0,0,0,0,0,0,1,0,0,1,0,0,0,1,1,0,0,0,0,2,0,0,0,0,0,0,1,0,1,1,0,1,0,0,0,0,0,0,0,0,0,0,0,0,0,0,1,0,0,0,0,2,1,0,0,0,0,0,0,1,0,0,0,0,0,0,0,0,0,0,0,0,0,0,0,0,0,0,0,0,1,0,0,0,1,0,0,0,0,1,1,0,0,0,1,1,0,1,0,0,1,0,0,1,0,1,0,0,0,0,0,0,0,1,0,0,0,0,1,1,0,0,0,1,0,2,1,0,0,0,1,1,0,1,0,0,0,0,1,0,1,0,0,0,0,0,0,1,0,0,0,0,1,1,0,0,2,1,0,1,0,0,0,0,0,0,1,0,0,0,0,0,0,1,0,0,0,0,0,0,0,0,0,0,0,1,0,1,0,0,1,0,0,0,1,0,0,0,0,0,1,0,0,0,0,0,1,0,0,0,0,0,0,0,0,0,0,2,0,0,1,0,0,0,0,0,0,1,1,0,0,0,0,0,0,1,0,0,0,0,0,2,0,0,0,0,0,0,0,0,0,0,1,0,1,0,1,0,0,0,0,1,0,1,1,0,0,0,0,1,0,0,0,0,0,1,0,0,1,0,2,1,0,1,1,0,0,0,1,0,0,0,0,1,1,0,0,1,1,0,0,0,0,0,0,0,1,0,1,0,0,1,0,0,2,0,0,0,0,0,1,0,1,0,0,1,0,1,1,0,0,0,1,0,0,0,0,0,0,1,0,0,0,0,0,0,0,0,0,0,0,0,0,0,0,0,0,1,1,1,0,0,2,1,0,1,1,0,0,0,0,0,0,0,2,0,0,0,1,0,1,0,1,2,0,0,0,0,0,1,0,0,1,0,0,0,0,0,1,2,0,0,0,2,0,0,0,1,0,0,0,1,0,0,1,1,0,0,0,0,0,0,1,0,1,0,0,0,0,0,0,0,0,0,1,0,3,0,0,0,0,0,0,0,0,0,0,1,0,0,0,0,0,0,0,0,1,0,2,1,0,0,0,0,0,0,1,0,0,0,1,0,0,0,0,0,0,0,0,0,1,1,0,0,1,0,0,0,0,0,0,0,1,0,1,0,0,1,0,0,0,0,0,0,0,0,0,0,2,0,0,0,0,0,1,0,0,0,0,0,0,0,0,0,0,1,0,0,0,0,0,0,0,0,0,0,1,0,0,0,0,0,2,0,0,0,1,0,1,1,0,0,0,0,0,1,0,0,0,0,0,0,1,0,0,0,2,0,0,0,1,0,0,2,0,0,0,1,0,1,1,1,0,0,0,0,1,0,0,0,0,0,0,0,0,1,0,0,0,1,0,0,1,0,0,0,0,0,0,0,1,0,1,0,0,2,0,0,0,0,1,0,0,1,0,0,0,0,0,0,0,0,0,0,0,0,0,0,1,1,0,0,1,0,0,1,1,0,0,1,1,1,0,0,0,0,0,0,0,0,0,0,0,0,0,1,0,0,1,0,0,0,0,0,0,1,0,0,1,0,0,0,1,1,0,0,0,1,0,0,0,0,1,0,0,1,3,1,0,0,1,0,1,0,0,0,0,0,0,0,1,0,0,0,1,1,0,0,1,0,0,1,0,0,0,0,0,0,1,0,0,0,0,0,0,1,0,0,0,0,0,0,0,0,0,1,1,0,0,1,0,0,0,1,0,1,0,0,2,0,0,0,0,0,0,0,0,0,0,0,0,0,0,1,1,1,0,0,1,0,0,2,0,0,0,0,0,2,0,0,0,0,0,0,0,0,0,0,0,1,0,0,0,0,0,0,0,0,0,0,0,0,0,1,1,1,0,1,0,1,0,0,1,0,0,0,1,0,1,0,0,1,0,1,0,0,2,0,0,0,0,0,0,0,0,0,0,0,0,0,0,0,0,0,0,1,1,0,0,0,1,0,0,0,1,0,0,0,0,0,0,0,0,0,0,1,0,0,0,1,0,0,0,0,0,0,1,0,0,0,0,0,1,0,1,0,0,0,0,0,1,1,0,1,0,1,0,2,0,0,0,0,0,0,1,0,0,1,0,0,0,0,0,0,0,1,0,0,0,1,0,0,0,0,1,0,1,1,0,0,1,0,1,1,0,0,0,0,1,0,0,0,0,0,0,0,0,0,0,0,1,0,0,0,0,0,0,0,0,0,0,0,1,0,0,1,0,0,1,0,1,0,0,0,1,0,0,0,0,0,0,0,1,0,1,1,1,1,0,0,0,0,0,0,0,0,1,0,0,0,0,0,0,1,0,0,0,0,0,0,1,0,0,0,0,0,0,0,0,0,1,1,0,1,0,0,1,0,1,0,0,0,1,0,1,0,0,0,1,0,0,0,1,0,0,0,0,0,0,0,0,1,1,0,0,2,1,1,0,1,0,0,1,0,0,0,0,0,0,0,0,0,0,0,0,0,1,0,0,0,0,0,0,0,1,1,0,0,1,0,2,0,0,0,1,0,0,0,0,0,0,1,0,0,0,2,1,0,0,0,0,0,1,0,0,1,0,0,2,0,0,0,0,0,1,0,0,1,0,0,0,0,0,0,0,0,0,0,0,0,0,0,0,0,0,0,0,0,1,0,0,0,0,0,0,0,0,0,0,0,0,0,0,0,1,1,1,0,0,1,0,0,0,0,0,1,0,1,0,0,0,0,1,0,0,0,0,0,0,0,2,0,0,0,0,0,0,0,0,1,0,0,0,0,0,1,0,1,0,0,0,1,0,0,0,0,0,0,1,0,1,0,0,0,0,0,1,1,0,0,1,0,1,0,0,0,0,0,0,0,0,0,0,0,0,0,0,0,0,0,0,0,0,0,0,0,0,0,0,0,0,0,0,0,0,1,0,0,0,0,0,0,0,0,0,1,0,0,0,1,0,0,0,0,1,0,0,0,0,0,2,0,0,0,0,0,0,1,0,0,0,2,0,0,0,1,3,1,0,0,0,0,0,0,0,0,1,0,0,0,0,0,0,0,0,0,0,1,0,0,0,1,1,0,0,0,0,0,0,0,0,0,0,1,0,0,0,0,0,0,1,0,0,0,2,0,0,0,0,0,0,0,0,0,0,0,1,0,0,0,0,1,0,0,0,0,0,0,0,0,0,0,1,0,0,0,0,0,0,0,1,0,1,0,0,0,0,0,0,0,0,0,0,0,0,1,0,0,0,0,0,0,0,0,0,0,0,1,0,0,0,0,0,0,0,0,1,0,0,1,0,0,1,0,0,0,0,0,0,1,0,1,0,1,1,0,0,0,1,0,1,1,0,0,0,0,0,0,0,0,0,1,0,2,0,0,0,0,0,1,0,0,0,0,0,0,0,0,0,0,0,0,0,0,0,0,1,0,0,0,0,1,0,0,0,0,0,0,0,1,0,0,1,0,0,0,0,0,0,0,0,0,0,0,0,2,0,0,0,0,0,0,0,0,0,0,0,1,0,0,0,0,1,0,0,1,0,0,0,0,0,0,0,0,1,0,0,0,0,1,0,0,1,0,0,0,0,0,0,0,0,0,0,0,0,0,1,1,0,0,0,0,0,0,0,0,0,0,1,2,3,0,1,1,0,1,0,0,1,0,1,0,1,0,0,1,0,0,0,0,0,0,0,0,0,0,0,2,0,2,0,0,0,0,0,0,0,0,0,0,0,0,0,1,1,0,0,0,0,0,0,0,0,0,0,0,1,1,0,0,0,1,1,0,0,0,0,0,0,0,0,0,1,0,0,0,0,0,0,0,1,0,0,0,0,0,0,1,1,1,0,1,0,0,1,0,0,0,0,0,0,0,1,1,1,1,0,0,0,0,0,0,1,1,1,0,0,0,1,0,0,0,0,0,0,1,1,0,0,0,0,0,0,0,0,0,0,0,0,0,0,0,1,1,0,0,0,0,0,0,0,1,1,1,1,0,1,0,0,0,0,1,0,0,0,0,0,0,0,0,0,0,0,0,0,1,1,0,0,0,0,0,1,1,0,1,0,1,1,0,0,0,0,1,0,0,0,0,0,0,0,0,1,0,0,1,0,0,1,1,0,0,0,0,0,0,0,0,1,1,0,1,1,0,0,1,0,0,0,0,0,0,0,0,0,1,0,1,0,0,0,0,0,0,0,0,1,1,0,0,0,0,0,0,0,1,0,1,0,0,0,1,0,0,1,0,0,0,0,1,1,0,0,1,1,1,0,0,1,1,0,0,0,0,0,0,0,3,0,2,0,0,0,1,0,0,0,0,0,2,0,0,1,0,0,0,1,0,0,0,0,1,0,0,0,0,0,1,0,0,1,0,0,0,0,0,0,1,0,0,1,0,0,0,0,0,0,0,0,0,2,0,1,0,1,0,0,0,0,0,1,0,0,0,1,0,0,0,0,0,0,0,1,0,0,0,0,0,0,0,0,0,0,1,0,2,0,0,0,0,0,0,0,1,0,0,0,0,0,0,0,0,0,0,0,0,0,0,0,1,0,0,0,1,0,0,0,0,1,0,1,0,0,0,0,0,0,1,0,0,0,0,0,1,0,0,0,0,0,0,0,0,0,0,0,1,0,1,2,0,0,0,0,0,0,0,0,1,0,0,0,0,1,0,0,0,0,0,0,0,0,0,0,0,0,0,0,0,0,1,0,0,0,0,0,0,1,0,0,0,0,0,0,0,1,0,0,0,0,1,1,0,0,0,0,0,0,0,0,0,0,0,0,0,1,0,0,0,1,1,0,1,0,0,0,1,0,0,0,0,0,0,1,0,0,0,0,1,0,1,0,0,0,1,0,0,0,0,0,2,0,1,0,0,0,0,0,1,0,0,0,0,0,0,0,0,1,0,0,0,0,0,0,0,0,0,0,0,0,0,0,0,0,0,0,0,0,0,0,0,0,0,0,0,0,0,1,1,0,0,0,0,0,0,0,0,0,0,0,0,0,0,0,1,0,0,0,1,1,0,0,0,0,1,0,0,0,0,1,0,1,0,0,1,0,1,0,0,1,0,0,0,0,0,0,0,0,1,2,0,0,1,1,0,1,0,0,0,1,0,0,0,1,0,1,0,0,0,0,0,0,0,0,1,0,0,0,0,0,0,0,1,2,0,0,0,0,0,0,0,0,0,1,0,0,0,0,0,0,0,0,0,0,1,0,0,0,0,1,0,0,0,0,0,0,0,0,0,0,1,1,0,1,0,0,0,0,2,0,0,1,0,0,0,0,0,1,1,0,0,0,1,1,0,0,0,0,0,0,0,0,0,0,0,0,0,0,0,0,0,0,0,0,0,0,0,0,1,0,0,0,1,0,0,0,0,0,0,0,1,0,0,0,1,0,0,0,0,0,0,0,0,0,0,0,0,0,0,0,0,0,0,1,1,0,2,0,0,0,1,0,0,0,0,0,0,0,0,0,0,0,0,0,1,0,1,0,1,0,0,0,0,0,0,0,0,0,1,0,0,0,0,1,1,0,0,0,1,0,0,1,0,1,0,0,0,0,0,0,0,0,0,1,1,0,0,0,0,0,0,0,2,0,0,0,1,0,0,0,1,0,0,0,0,0,0,0,0,0,1,0,0,0,0,0,0,0,0,1,0,0,0,0,0,0,0,0,0,0,0,0,1,0,0,1,0,0,0,0,0,0,1,0,0,1,0,0,0,0,0,0,0,0,0,0,0,0,0,0,0,0,0,1,1,1,0,2,0,0,0,0,0,0,0,0,0,0,0,0,0,0,1,0,0,0,0,0,0,1,1,0,1,0,1,1,0,0,1,0,1,0,0,0,0,0,0,0,0,0,0,0,0,0,0,0,0,1,0,0,0,0,0,0,0,0,0,0,0,0,1,0,0,0,0,0,0,0,0,0,0,0,2,0,1,1,0,0,0,0,1,0,0,0,1,1,0,0,0,0,0,0,0,0,0,0,0,1,0,0,0,0,0,0,0,0,0,0,0,0,0,0,0,0,1,0,0,1,0,0,0,0,0,0,0,1,0,1,0,1,0,2,0,0,0,0,0,0,0,0,0,0,1,0,0,0,0,0,0,0,0,0,0,0,0,0,0,0,0,0,0,1,0,0,0,0,0,0,0,0,1,0,0,0,0,0,0,0,1,0,1,0,0,1,0,0,0,0,0,0,0,1,1,0,0,0,0,0,1,0,1,0,1,0,0,1,2,0,0,0,0,1,0,1,0,0,0,0,0,1,0,1,0,0,0,0,0,1,0,0,1,1,1,0,0,0,0,0,1,0,0,0,0,0,0,0,0,0,0,1,0,0,0,0,0,0,0,1,0,0,0,0,0,0,0,0,0,2,0,1,0,0,1,0,0,0,0,0,0,1,1,0,0,0,0,0,0,0,1,0,0,0,0,0,0,0,0,1,1,0,0,0,0,0,0,0,0,0,1,1,1,0,1,0,0,0,0,0,0,0,0,1,0,1,0,0,0,0,0,0,0,0,0,0,0,0,0,0,1,0,0,0,1,0,0,1,0,0,0,0,0,0,0,1,0,0,0,0,0,0,0,0,0,0,0,0,0,0,0,0,1,0,0,1,1,0,0,0,0,0,0,1,0,0,0,1,2,0,0,0,0,1,1,1,0,0,0,1,1,1,1,0,0,0,0,0,0,1,1,1,0,0,1,0,0,0,0,0,0,1,0,0,0,0,0,0,0,0,0,0,0,0,0,0,0,0,0,0,0,0,0,0,0,1,0,1,0,0,0,0,0,0,0,0,0,0,0,0,1,0,0,0,1,0,0,0,0,1,0,0,0,0,0,0,0,0,0,0,0,0,0,2,0,0,0,0,0,0,0,0,0,0,0,0,0,0,1,0,0,1,0,0,0,0,1,1,0,0,0,0,0,0,0,0,1,0,1,2,0,0,0,0,0,2,0,1,1,0,0,0,0,1,0,0,0,1,0,1,0,0,0,1,0,0,0,0,0,0,0,0,1,1,1,0,1,0,0,0,0,0,0,0,0,0,0,0,1,0,1,0,0,0,0,0,0,0,1,0,1,0,0,2,0,0,1,0,0,0,0,0,1,0,1,0,0,0,0,1,0,0,0,0,0,1,0,1,1,0,0,1,0,0,1,0,0,1,0,1,0,0,0,1,0,0,0,1,0,0,0,0,0,0,0,0,0,0,1,0,0,0,0,0,0,0,0,0,0,0,1,0,0,0,0,0,1,0,0,0,0,0,0,0,0,2,0,0,0,0,0,0,1,0,0,0,0,0,0,0,0,0,0,1,1,1,0,0,0,0,0,0,0,0,1,1,0,0,1,0,0,0,0,0,0,0,0,0,0,0,0,1,0,0,2,1,0,0,1,0,0,0,1,0,0,0,0,0,0,0,0,0,0,0,1,1,0,0,0,0,0,0,0,0,0,0,0,1,0,2,0,0,0,0,0,0,0,0,0,0,0,0,0,0,0,0,0,0,0,0,0,0,0,0,0,1,1,1,0,0,0,0,0,0,0,0,0,0,0,0,0,0,0,0,0,0,0,0,0,0,0,0,1,0,1,0,0,1,0,0,0,0,0,0,1,0,1,0,0,0,0,0,0,0,0,0,0,0,0,0,1,0,0,0,1,1,0,0,0,0,0,0,0,0,0,0,0,1,0,0,0,0,0,0,0,0,0,0,1,1,0,0,0,0,1,2,0,0,0,1,0,0,0,0,0,0,0,0,0,0,0,0,0,1,0,0,0,2,0,0,1,0,0,0,1,0,0,0,0,0,0,0,0,0,0,0,1,3,0,0,0,1,0,0,1,0,0,0,0,0,0,0,0,1,1,0,0,0,0,0,0,0,0,1,0,0,0,0,0,0,0,0,0,0,0,0,0,0,0,0,0,0,0,0,0,0,0,0,0,0,0,0,0,0,0,1,0,0,1,0,1,0,0,1,0,0,0,0,0,0,0,0,0,0,0,0,0,0,1,0,0,0,1,1,0,0,0,1,0,0,0,0,0,0,0,0,1,0,0,0,0,0,0,1,0,0,0,0,0,0,0,0,1,0,0,0,0,0,0,0,0,0,0,0,0,1,0,1,0,0,0,1,1,1,0,0,0,1,0,0,0,0,0,0,0,1,0,0,0,0,0,0,0,0,0,0,0,1,0,0,1,0,0,0,0,0,0,0,0,0,0,0,0,0,0,0,0,0,0,1,1,0,0,0,0,0,0,0,0,0,0,0,0,0,0,0,0,0,0,2,0,0,0,0,0,1,0,0,0,0,0,0,0,0,0,0,2,1,0,1,0,0,1,0,0,0,0,0,0,0,0,0,0,0,2,0,0,0,0,1,0,0,0,0,1,0,0,0,0,0,0,1,0,0,0,0,1,0,0,0,0,0,0,0,0,0,0,0,0,0,0,1,0,1,0,0,1,0,0,0,0,0,0,0,0,0,0,0,0,1,0,0,2,0,0,0,0,0,0,1,1,0,0,1,0,0,1,1,0,0,1,0,0,0,0,0,0,0,0,0,0,0,0,0,0,1,0,0,0,0,0,0,0,1,0,0,0,1,0,0,1,0,0,0,0,0,0,0,0,0,0,0,0,1,0,0,1,0,1,0,0,1,0,0,0,0,0,0,0,0,1,0,0,0,0,0,0,0,0,1,0,0,1,0,1,0,0,1,0,0,0,0,0,0,1,2,0,0,0,1,1,0,1,0,1,0,1,1,0,0,1,0,0,0,0,1,1,0,0,0,0,0,0,2,0,0,0,0,0,0,1,1,0,0,0,0,1,0,0,0,0,0,0,0,0,0,0,0,0,0,0,0,0,0,0,0,0,0,0,0,0,0,0,0,1,0,0,1,0,1,1,0,0,0,0,0,0,0,0,1,0,0,0,0,0,0,0,1,0,0,0,0,0,0,0,0,1,0,1,1,0,0,0,0,0,0,1,1,1,0,0,0,1,0,2,0,0,0,0,0,0,0,0,0,0,0,1,0,0,0,0,0,0,0,1,0,0,0,0,0,0,0,1,0,0,0,1,0,0,0,0,0,0,0,0,0,0,0,0,0,0,0,0,1,1,0,0,1,0,0,0,0,0,0,0,0,0,0,0,0,1,1,0,0,1,0,0,0,1,0,0,3,0,1,1,0,0,0,0,1,0,0,0,0,0,0,0,1,0,0,1,0,0,0,0,0,0,1,0,0,0,0,0,0,0,1,0,0,1,1,0,0,0,0,0,0,0,0,0,1,0,1,0,0,0,0,0,0,0,2,1,0,0,0,0,0,1,0,0,0,1,1,0,0,0,1,1,0,0,0,0,0,0,0,0,0,0,2,0,0,0,0,0,0,1,0,1,0,0,0,0,0,0,0,0,0,0,1,0,0,0,0,0,0,0,0,0,0,0,0,0,1,0,0,0,1,0,1,0,0,0,0,0,1,0,0,0,0,0,1,0,0,0,0,0,0,0,2,0,0,0,0,0,0,0,0,0,0,1,0,0,0,0,0,0,0,0,0,0,0,2,1,0,0,1,0,0,0,0,1,0,0,0,0,0,1,0,0,0,0,0,0,0,0,1,0,0,0,0,0,0,0,0,0,0,0,0,1,1,0,0,0,0,0,0,2,0,0,0,1,0,0,0,0,0,0,1,0,1,0,0,1,0,0,0,0,0,0,0,0,0,0,0,0,1,0,0,0,0,0,0,0,1,0,1,0,2,0,0,0,0,0,0,1,0,0,0,0,0,0,0,1,0,0,0,0,0,0,0,0,0,0,0,0,0,0,0,0,0,0,0,0,0,1,1,0,1,0,0,0,0,0,0,0,0,0,0,0,0,1,0,0,1,0,0,0,0,1,0,0,0,0,0,0,0,0,0,0,0,1,0,0,0,1,0,1,0,0,0,0,0,0,0,0,0,1,0,0,1,0,0,0,0,0,1,0,0,0,0,0,0,0,0,0,0,0,2,0,0,0,0,0,0,1,0,0,0,0,0,1,0,0,0,0,0,0,0,1,0,0,0,0,1,0,0,2,0,0,1,1,0,0,0,0,0,0,0,1,1,0,0,0,1,0,0,1,0,1,0,0,0,0,0,1,0,0,0,0,0,1,0,2,0,0,0,0,0,0,0,0,0,0,1,0,0,3,0,1,0,1,0,0,0,0,0,0,0,0,0,0,0,1,0,0,0,0,1,0,0,0,0,0,0,0,0,0,0,0,0,0,0,0,1,0,0,0,0,0,0,0,1,0,0,0,0,0,1,0,1,0,0,0,1,1,0,0,0,0,0,0,0,0,0,1,0,0,1,0,0,0,0,0,0,0,1,1,1,0,0,0,0,0,2,0,1,0,0,0,0,0,1,0,0,0,1,0,0,0,0,0,0,0,0,0,1,0,0,0,0,1,0,0,0,0,0,0,0,0,1,0,0,0,0,0,0,0,0,1,0,1,0,0,0,1,0,0,0,0,0,0,0,0,1,0,1,0,0,0,0,0,0,0,1,0,0,1,0,0,0,1,0,1,1,1,0,0,1,0,1,0,1,0,0,0,0,0,0,1,0,0,0,0,0,0,0,0,0,1,0,0,0,0,0,0,0,0,0,1,0,1,0,0,0,2,1,1,0,0,0,0,1,0,0,0,0,0,0,0,0,3,0,0,0,0,0,0,0,0,1,0,0,0,0,0,0,0,0,0,0,0,1,0,1,0,0,1,0,0,0,0,0,0,0,0,0,1,0,0,0,0,0,0,0,1,0,1,0,1,0,0,0,0,1,0,0,0,0,0,0,0,0,1,0,1,0,0,0,0,0,0,1,0,2,0,0,0,0,0,0,0,1,0,0,1,0,1,0,0,0,0,0,1,0,0,0,0,0,0,0,0,0,0,0,0,1,0,0,0,0,1,0,0,1,0,0,0,0,0,0,0,1,0,0,0,1,0,0,1,0,0,0,0,0,0,2,0,1,0,0,0,0,0,0,0,0,0,0,0,0,0,0,0,0,0,1,0,0,0,0,0,0,0,1,0,0,0,0,1,0,0,0,0,1,0,0,0,0,0,0,0,0,0,0,1,0,1,0,0,0,0,0,0,0,0,1,0,0,1,2,0,0,0,0,0,1,1,0,0,0,0,0,0,1,0,0,1,0,0,0,0,2,0,0,0,1,0,0,1,0,0,0,0,1,1,1,0,0,0,2,0,0,0,0,0,1,0,0,0,0,0,1,0,0,0,1,0,0,0,0,2,0,0,0,0,0,0,0,0,1,0,1,0,1,0,0,0,1,2,0,0,1,0,0,0,0,1,1,0,1,0,0,1,0,0,1,0,1,0,0,0,0,0,1,0,0,0,0,1,0,1,0,0,0,0,0,0,0,0,1,0,0,0,0,0,0,0,0,0,1,0,1,0,0,3,0,3,4,2,6,0,7,0,9,0,13,0,2,8,0,12,4,2,5,11,1,4,8,2,5,8,4,9,2,11,3,1,9,7,13,2,0,12,10,1,3,9,2,10,1,14,1,9,2,11,9,3,2,2,17,3,1,9,2,8,2,6,2,7,0,5,3,8,1,0,4,3,1,3,5,7,2,0,5,5,3,2,5,2,3,1,1,1,2,2,2,1,0,1,0,1,2,0,0,2,1,1,1,2,0,0,0,1,0,0,0,0,0,1,0,0,0,0,0,0,0,0,0,1,0,0,1,0,0,0,0,0,0,0,1,0,0,1,0,0,0,1,0,1,0,0,0,1,1,3,0,0,1,0,1,0,1,0,0,3,0,0,1,1,0,1,0,0,0,0,0,0,0,1,0,1,1,0,1,0,0,0,0,0,0,0,1,0,0,0,0,0,0,0,0,0,0,0,0,0,0,1,0,0,0,0,0,0,0,0,0,0,0,0,0,0,0,0,0,0,0,0,0,0,0,0,0,0,0,0,0,0,0,0,0,0,0,0,0,0,0,0,0,0,0,0,0,0,0,0,0,0,0,0,0,0,0,0,0,0,0,0,0,0,0,0,0,0,0,0,0,0,0,0,0,0,0,0,0,0,0,1,0,0,0,0,0,0,0,0,0,0,1,0,0,0,0,0,0,0,0,0,0,0,0,0,0,0,0,0,0,0,0,0,0,0,1,0,0,0,0,0,0,0,0,0,0,0,0,0,0,0,0,0,0,0,0,0,0,0,0,0,0,0,0,0,0,1,0,0,0,0,0,0,0,2,0,0,0,0,0,0,0,1,1,0,0,0,0,0,1,0,0,0,0,0,0,0,0,0,1,0,0,0,0,0,0,0,0,0,0,0,0,0,0,0,0,0,0,0,0,0,0,1,0,0,0,0,0,0,0,0,0,0,0,0,0,0,0,0,1,0,0,0,0,0,0,0,0,0,0,0,0,1,0,0,0,0,0,0,0,0,10,0,0,0,0,2,1,0,3,1,1,0,0,0,0,0,4,0,0,2,0,1,1,0,2,0,0,1,0,1,0,0,0,0,0,0,0,0,0,0,0,0,0,0,1,0,0,0,0,0,0,0,0,0,0,0,0,0,0,0,0,0,0,0,0,0,0,0,0,0,0,0,0,0,0,0,0,0,0,0,0,0,0,0,0,0,0,0,0,0,0,0,0,0,0,0,0,0,0,0,0,0,0,0,0,0,0,0,0,0,0,0,0,0,0

END